OrderNumber,OrderDate,DetailsURL,OrderAmount
114-6033179-8909826,01/25/2025 00:00:00,https://www.amazon.com/gp/css/order-details?orderID=114-6033179-8909826&ref=ppx_yo2ov_dt_b_fed_order_details,$25.00
114-1815337-6657814,01/25/2025 00:00:00,https://www.amazon.com/gp/css/order-details?orderID=114-1815337-6657814&ref=ppx_yo2ov_dt_b_fed_order_details,$25.00
114-5347632-9285803,01/25/2025 00:00:00,https://www.amazon.com/gp/css/order-details?orderID=114-5347632-9285803&ref=ppx_yo2ov_dt_b_fed_order_details,$25.00
114-3463525-1522638,01/25/2025 00:00:00,https://www.amazon.com/gp/css/order-details?orderID=114-3463525-1522638&ref=ppx_yo2ov_dt_b_fed_order_details,$25.00
114-0782367-9151466,01/25/2025 00:00:00,https://www.amazon.com/gp/css/order-details?orderID=114-0782367-9151466&ref=ppx_yo2ov_dt_b_fed_order_details,$25.00
114-3079517-3938643,01/25/2025 00:00:00,https://www.amazon.com/gp/css/order-details?orderID=114-3079517-3938643&ref=ppx_yo2ov_dt_b_fed_order_details,$25.00
114-7380976-2268239,01/25/2025 00:00:00,https://www.amazon.com/gp/css/order-details?orderID=114-7380976-2268239&ref=ppx_yo2ov_dt_b_fed_order_details,$25.00
114-4648676-8470628,01/25/2025 00:00:00,https://www.amazon.com/gp/css/order-details?orderID=114-4648676-8470628&ref=ppx_yo2ov_dt_b_fed_order_details,$25.00
114-7761178-0013814,01/25/2025 00:00:00,https://www.amazon.com/gp/css/order-details?orderID=114-7761178-0013814&ref=ppx_yo2ov_dt_b_fed_order_details,$25.00
114-8729350-9788222,01/25/2025 00:00:00,https://www.amazon.com/gp/css/order-details?orderID=114-8729350-9788222&ref=ppx_yo2ov_dt_b_fed_order_details,$25.00
114-1778992-6241812,01/25/2025 00:00:00,https://www.amazon.com/gp/css/order-details?orderID=114-1778992-6241812&ref=ppx_yo2ov_dt_b_fed_order_details,$25.00
114-0820113-7094651,01/25/2025 00:00:00,https://www.amazon.com/gp/css/order-details?orderID=114-0820113-7094651&ref=ppx_yo2ov_dt_b_fed_order_details,$25.00
114-6677199-6871456,01/25/2025 00:00:00,https://www.amazon.com/gp/css/order-details?orderID=114-6677199-6871456&ref=ppx_yo2ov_dt_b_fed_order_details,$25.00
114-9027656-7589855,01/25/2025 00:00:00,https://www.amazon.com/gp/css/order-details?orderID=114-9027656-7589855&ref=ppx_yo2ov_dt_b_fed_order_details,$25.00
114-4974635-4269022,01/25/2025 00:00:00,https://www.amazon.com/gp/css/order-details?orderID=114-4974635-4269022&ref=ppx_yo2ov_dt_b_fed_order_details,$25.00
114-8065565-6305044,01/25/2025 00:00:00,https://www.amazon.com/gp/css/order-details?orderID=114-8065565-6305044&ref=ppx_yo2ov_dt_b_fed_order_details,$25.00
114-0802007-1469855,01/25/2025 00:00:00,https://www.amazon.com/gp/css/order-details?orderID=114-0802007-1469855&ref=ppx_yo2ov_dt_b_fed_order_details,$25.00
114-2315163-8575459,01/25/2025 00:00:00,https://www.amazon.com/gp/css/order-details?orderID=114-2315163-8575459&ref=ppx_yo2ov_dt_b_fed_order_details,$50.00
114-1191100-4620228,01/25/2025 00:00:00,https://www.amazon.com/gp/css/order-details?orderID=114-1191100-4620228&ref=ppx_yo2ov_dt_b_fed_order_details,$25.00
114-1757229-3879461,01/25/2025 00:00:00,https://www.amazon.com/gp/css/order-details?orderID=114-1757229-3879461&ref=ppx_yo2ov_dt_b_fed_order_details,$25.00
114-7632239-7550617,01/25/2025 00:00:00,https://www.amazon.com/gp/css/order-details?orderID=114-7632239-7550617&ref=ppx_yo2ov_dt_b_fed_order_details,$25.00
114-5901004-3711417,01/25/2025 00:00:00,https://www.amazon.com/gp/css/order-details?orderID=114-5901004-3711417&ref=ppx_yo2ov_dt_b_fed_order_details,$25.00
114-5062647-5909834,01/25/2025 00:00:00,https://www.amazon.com/gp/css/order-details?orderID=114-5062647-5909834&ref=ppx_yo2ov_dt_b_fed_order_details,$50.00
114-5390306-6541803,01/25/2025 00:00:00,https://www.amazon.com/gp/css/order-details?orderID=114-5390306-6541803&ref=ppx_yo2ov_dt_b_fed_order_details,$25.00
114-9574974-8196225,01/25/2025 00:00:00,https://www.amazon.com/gp/css/order-details?orderID=114-9574974-8196225&ref=ppx_yo2ov_dt_b_fed_order_details,$25.00
114-9924375-0149832,01/25/2025 00:00:00,https://www.amazon.com/gp/css/order-details?orderID=114-9924375-0149832&ref=ppx_yo2ov_dt_b_fed_order_details,$50.00
114-0041548-2418670,01/25/2025 00:00:00,https://www.amazon.com/gp/css/order-details?orderID=114-0041548-2418670&ref=ppx_yo2ov_dt_b_fed_order_details,$25.00
114-5855911-9970659,01/25/2025 00:00:00,https://www.amazon.com/gp/css/order-details?orderID=114-5855911-9970659&ref=ppx_yo2ov_dt_b_fed_order_details,$25.00
114-4307518-2464234,01/25/2025 00:00:00,https://www.amazon.com/gp/css/order-details?orderID=114-4307518-2464234&ref=ppx_yo2ov_dt_b_fed_order_details,$25.00
114-4412409-8110619,01/25/2025 00:00:00,https://www.amazon.com/gp/css/order-details?orderID=114-4412409-8110619&ref=ppx_yo2ov_dt_b_fed_order_details,$25.00
